{
    "database": 
    {
        "host":        "127.0.0.1",
        "port":         5432,
        "username":    "tester",
        "password":    "tester",
        "database":    "mikh_style"
    },
    
    "topology": 
    {
        "provider":      "jsontest",
        
        "postgis": 
        {
            
            "topo_name":         "test",
            "roads_prefix":      "highways",
            "schema_prefix":     "topo",
            "build": {
                "temp_topo_name": "epoch_ms",
                "srid":           900913,
                "tolerance":      1.0 
            },
            "edge": 
            {
                "table":      "edge_data",
                "id_col":     "edge_id",
                "source_col": "start_node",
                "target_col": "end_node",
                "geom_col":   "geom"
            },
            "vertex": 
            {
                "table":      "node",
                "id_col":     "node_id",
                "geom_col":   "geom"
            }
        },
        
        "pgrouting": 
        {
        },
        
        "jsontest": 
        {
            "test_file": "mapprovider/jsontest/catchtest/test-topology.json"
        }
    },
    
    "vehicle": 
    {
        "category":   "motorcar",
        "motorcar": 
        {
           "height":  1.6,
           "length":  4.5,
           "width":   1.9,
           "weight":  2.0,
           "maxspeed": 200
        }
    },
    
    "cost":
    {
       "default_speed":
       {
           "motorway":      {"high": 110, "low":  90},
           "motorway_link": {"high":  90, "low":  90},
           "trunk":         {"high":  90, "low":  60},
           "trunk_link":    {"high":  90, "low":  60},
           "primary":       {"high":  90, "low":  60},
           "primary_link":  {"high":  90, "low":  60},
           "secondary":     {"high":  90, "low":  60},
           "secondary_link":{"high":  90, "low":  60},
           "tertiary":      {"high":  90, "low":  60},
           "tertiary_link": {"high":  90, "low":  60},
           "unclassified":  {"high":  90, "low":  60},
           "residential":   {"high":  90, "low":  60},
           "living_street": {"high":  20, "low":  20}
       }
    }
}